"","Date","HomeTeam","AwayTeam","result","HomeTeam_elo","AwayTeam_elo"
"1","19/09/2020","Fiorentina","Torino",1,1640,1583
"2","19/09/2020","Verona","Roma",0.5,1546,1745
"3","20/09/2020","Parma","Napoli",0,1579,1760
"4","20/09/2020","Genoa","Crotone",1,1548,1491
"5","20/09/2020","Sassuolo","Cagliari",0.5,1633,1580
"6","20/09/2020","Juventus","Sampdoria",1,1835,1586
"7","21/09/2020","Milan","Bologna",1,1764,1582
"8","26/09/2020","Torino","Atalanta",0,1574.62602956738,1823
"9","26/09/2020","Cagliari","Lazio",0,1581.51373904753,1726
"10","26/09/2020","Sampdoria","Benevento",0,1582.14848363343,1557
"11","26/09/2020","Inter","Fiorentina",1,1839,1648.37397043262
"12","27/09/2020","Spezia","Sassuolo",0,1491,1631.48626095247
"13","27/09/2020","Napoli","Genoa",1,1765.21559491719,1556.37397043262
"14","27/09/2020","Verona","Udinese",1,1551.17389240294,1593
"15","27/09/2020","Crotone","Milan",0,1482.62602956738,1769.1934316097
"16","27/09/2020","Roma","Juventus",0.5,1739.82610759706,1838.85151636657
"17","28/09/2020","Bologna","Parma",1,1576.8065683903,1573.78440508281
"18","30/09/2020","Benevento","Inter",0,1567.72257005912,1844.00480398849
"19","30/09/2020","Udinese","Spezia",0,1581.80192998412,1484.83666499916
"20","30/09/2020","Lazio","Atalanta",0,1732.06558884604,1826.8627356464
"21","02/10/2020","Fiorentina","Sampdoria",0,1643.36916644413,1571.4259135743
"22","03/10/2020","Sassuolo","Crotone",1,1637.64959595331,1479.402808601
"23","03/10/2020","Udinese","Roma",0,1569.08131772016,1742.60153758226
"24","04/10/2020","Atalanta","Cagliari",1,1834.20000542222,1575.44815020149
"25","04/10/2020","Benevento","Bologna",1,1564.33604109856,1586.71958573184
"26","04/10/2020","Lazio","Inter",0.5,1724.72831907022,1847.39133294905
"27","04/10/2020","Parma","Verona",1,1563.87138774127,1562.37196241882
"28","04/10/2020","Milan","Spezia",1,1772.41665257608,1497.55727726311
"29","17/10/2020","Napoli","Atalanta",1,1769.83731550623,1837.87995493151
"30","17/10/2020","Inter","Milan",0,1844.00053391442,1775.82628505053
"31","17/10/2020","Sampdoria","Lazio",1,1583.46751025473,1728.11911810486
"32","17/10/2020","Crotone","Juventus",0.5,1473.66666524062,1836.07608638138
"33","18/10/2020","Bologna","Sassuolo",0,1576.07622539001,1643.38573931369
"34","18/10/2020","Spezia","Fiorentina",0.5,1494.14764478866,1631.32756976371
"35","18/10/2020","Torino","Cagliari",0,1570.76329392097,1571.7682006922
"36","18/10/2020","Udinese","Parma",1,1563.69801589996,1573.82823107926
"37","18/10/2020","Roma","Benevento",1,1747.98483940247,1574.97940144039
"38","19/10/2020","Verona","Genoa",0.5,1552.41511908083,1551.75224984358
"39","23/10/2020","Sassuolo","Torino",0.5,1651.47229469815,1560.79221738221
"40","24/10/2020","Atalanta","Sampdoria",0,1825.94619006883,1597.40594303765
"41","24/10/2020","Genoa","Inter",0,1551.77132873073,1832.06312294599
"42","24/10/2020","Lazio","Bologna",1,1714.18068532194,1567.98967000555
"43","25/10/2020","Cagliari","Crotone",1,1581.73927723097,1481.45775079534
"44","25/10/2020","Benevento","Napoli",0,1569.58443303284,1781.77108036891
"45","25/10/2020","Parma","Spezia",0.5,1563.53674264549,1497.90285899957
"46","25/10/2020","Fiorentina","Udinese",1,1627.5723555528,1573.98950433373
"47","25/10/2020","Juventus","Verona",0.5,1828.28500082665,1552.39604019368
"48","26/10/2020","Milan","Roma",0.5,1787.76369601896,1753.37980781002
"49","31/10/2020","Crotone","Atalanta",0,1474.26651621354,1810.17727080154
"50","31/10/2020","Inter","Parma",0.5,1835.38521770743,1561.66980332557
"51","31/10/2020","Bologna","Cagliari",1,1561.9654723608,1588.93051181277
"52","01/11/2020","Udinese","Milan",0,1565.51963060927,1786.7772664361
"53","01/11/2020","Spezia","Juventus",0,1499.76979831949,1821.67790302881
"54","01/11/2020","Torino","Lazio",0,1563.34450723818,1720.2048829667
"55","01/11/2020","Napoli","Sassuolo",0,1786.32472717764,1648.92000484218
"56","01/11/2020","Roma","Fiorentina",1,1754.36623739287,1636.04222927727
"57","01/11/2020","Sampdoria","Genoa",0.5,1613.17486230494,1548.44923396929
"58","02/11/2020","Verona","Benevento",1,1559.00313799152,1565.0307862241
"59","04/11/2020","Genoa","Torino",0,1550.29093049651,1557.57565903186
"60","06/11/2020","Sassuolo","Udinese",0.5,1662.68077548817,1561.14700788512
"61","07/11/2020","Cagliari","Sampdoria",1,1578.15595017236,1611.33316577771
"62","07/11/2020","Benevento","Spezia",0,1554.85731396595,1497.05949923196
"63","07/11/2020","Parma","Fiorentina",0.5,1568.24150523578,1629.32203630684
"64","08/11/2020","Lazio","Juventus",0.5,1725.97373117301,1824.38820211634
"65","08/11/2020","Atalanta","Inter",0.5,1812.70419632244,1828.81351579722
"66","08/11/2020","Genoa","Roma",0,1540.50057111827,1761.08643036331
"67","08/11/2020","Torino","Crotone",0.5,1567.3660184101,1471.73959069263
"68","08/11/2020","Bologna","Napoli",0,1572.74003400121,1772.56395653165
"69","08/11/2020","Milan","Verona",0.5,1791.14988916025,1569.17661024967
"70","21/11/2020","Crotone","Lazio",0,1474.4244830959,1728.73292355954
"71","21/11/2020","Spezia","Atalanta",0.5,1508.70787623568,1813.16752782676
"72","21/11/2020","Juventus","Cagliari",1,1821.62900972982,1589.10797522338
"73","22/11/2020","Fiorentina","Benevento",0,1627.58188806589,1543.20893696223
"74","22/11/2020","Inter","Torino",1,1828.3501842929,1564.68112600683
"75","22/11/2020","Roma","Parma",1,1765.47227976983,1569.98165347673
"76","22/11/2020","Sampdoria","Bologna",0,1600.3811407267,1567.93127134143
"77","22/11/2020","Verona","Sassuolo",0,1574.81804627084,1659.83884483383
"78","22/11/2020","Udinese","Genoa",1,1563.98893853946,1536.11472171175
"79","22/11/2020","Napoli","Milan",0,1777.37271919144,1785.50845313908
"80","28/11/2020","Sassuolo","Inter",0,1667.43945347772,1831.94589520734
"81","28/11/2020","Benevento","Juventus",0.5,1555.5907474207,1825.78415093389
"82","28/11/2020","Atalanta","Verona",0,1806.12189228174,1567.21743762695
"83","29/11/2020","Lazio","Udinese",0,1732.49030260039,1573.18837099629
"84","29/11/2020","Bologna","Crotone",1,1578.86254732241,1470.66710405505
"85","29/11/2020","Milan","Fiorentina",1,1795.27433068357,1615.20007760742
"86","29/11/2020","Cagliari","Spezia",0.5,1584.95283401931,1515.75351178071
"87","29/11/2020","Napoli","Roma",1,1767.60684164695,1770.37274234748
"88","30/11/2020","Torino","Sampdoria",0.5,1561.08541509238,1589.44986474571
"89","30/11/2020","Genoa","Parma",0,1526.91528925493,1565.08119089907
"90","05/12/2020","Spezia","Lazio",0,1517.71930297757,1718.2016299963
"91","05/12/2020","Juventus","Torino",1,1819.2704252559,1561.90000064533
"92","05/12/2020","Inter","Bologna",1,1837.53576601015,1585.84534068892
"93","06/12/2020","Verona","Cagliari",0.5,1583.18196111764,1582.98704282244
"94","06/12/2020","Parma","Benevento",0.5,1573.9870852997,1562.10447309869
"95","06/12/2020","Roma","Sassuolo",0.5,1760.29313500768,1661.84958267491
"96","06/12/2020","Crotone","Napoli",0,1463.68431068855,1777.68644898675
"97","06/12/2020","Sampdoria","Milan",0,1588.63527919276,1800.51049770203
"98","07/12/2020","Fiorentina","Genoa",0.5,1609.96391058895,1518.0093948543
"99","11/12/2020","Sassuolo","Benevento",1,1664.60954834898,1562.44634888298
"100","12/12/2020","Crotone","Spezia",1,1460.86560054197,1512.92437016637
"101","12/12/2020","Torino","Udinese",0,1558.19611199558,1587.47704360037
"102","12/12/2020","Lazio","Verona",0,1722.99656280751,1583.17635091872
"103","13/12/2020","Cagliari","Inter",0,1582.99265302136,1841.33934893077
"104","13/12/2020","Atalanta","Fiorentina",1,1790.15736879105,1607.37736116088
"105","13/12/2020","Bologna","Roma",0,1582.0417577683,1757.53316933361
"106","13/12/2020","Napoli","Sampdoria",1,1780.50515913333,1584.07532452805
"107","13/12/2020","Genoa","Juventus",0,1520.59594428237,1822.97431390564
"108","13/12/2020","Milan","Parma",0.5,1805.07045236675,1573.64520951541
"109","15/12/2020","Udinese","Crotone",0.5,1596.63626030069,1472.35285876694
"110","15/12/2020","Benevento","Lazio",0.5,1555.30492426254,1709.17625836723
"111","16/12/2020","Juventus","Atalanta",0.5,1825.9589729833,1795.33355535839
"112","16/12/2020","Fiorentina","Sassuolo",0.5,1602.20117459354,1671.75097296942
"113","16/12/2020","Genoa","Milan",0.5,1517.61128520471,1799.24639665567
"114","16/12/2020","Inter","Napoli",1,1845.0263070983,1785.3856466086
"115","16/12/2020","Parma","Cagliari",0.5,1579.46926522649,1579.30569485383
"116","16/12/2020","Spezia","Bologna",0.5,1501.4371119414,1576.70298176162
"117","16/12/2020","Verona","Sampdoria",0,1596.996655359,1579.19483705277
"118","17/12/2020","Roma","Torino",1,1762.87194534029,1549.03689529527
"119","19/12/2020","Fiorentina","Verona",0.5,1604.17666156322,1586.48472575319
"120","19/12/2020","Sampdoria","Crotone",1,1589.70676665858,1475.78486856644
"121","19/12/2020","Parma","Juventus",0,1579.46455729307,1825.07977851298
"122","20/12/2020","Torino","Bologna",0.5,1544.51653361974,1574.56991992457
"123","20/12/2020","Benevento","Genoa",1,1559.46519015847,1524.31055706077
"124","20/12/2020","Cagliari","Udinese",0.5,1579.31040278725,1593.20425050119
"125","20/12/2020","Inter","Spezia",1,1853.32637550049,1503.57017377844
"126","20/12/2020","Sassuolo","Milan",0,1669.77548599974,1792.54712479961
"127","20/12/2020","Atalanta","Roma",1,1796.21274982872,1767.39230701582
"128","20/12/2020","Lazio","Napoli",1,1705.0159924713,1777.08557820641
"129","22/12/2020","Crotone","Parma",1,1468.95113653818,1575.55208514633
"130","22/12/2020","Juventus","Fiorentina",0,1828.99225065972,1603.66788639237
"131","23/12/2020","Verona","Inter",0,1586.99350092404,1855.68252510363
"132","23/12/2020","Bologna","Atalanta",0.5,1573.70706492268,1805.38512822662
"133","23/12/2020","Milan","Lazio",1,1799.15355904903,1717.06107348599
"134","23/12/2020","Napoli","Torino",0.5,1765.04049719172,1545.37938862163
"135","23/12/2020","Roma","Cagliari",1,1758.21992861791,1579.71008683769
"136","23/12/2020","Sampdoria","Sassuolo",0,1596.54049868684,1663.16905175032
"137","23/12/2020","Spezia","Genoa",0,1501.21402417531,1515.31894976441
"138","23/12/2020","Udinese","Benevento",0,1592.80456645075,1568.45679745483
"139","03/01/2021","Inter","Crotone",1,1859.19379790441,1481.92657028493
"140","03/01/2021","Atalanta","Sassuolo",1,1799.55626604469,1671.2744962282
"141","03/01/2021","Cagliari","Napoli",0,1574.43903641242,1759.44460113672
"142","03/01/2021","Fiorentina","Bologna",0.5,1619.37471991175,1579.53592710462
"143","03/01/2021","Genoa","Lazio",0.5,1524.91320025754,1709.38087442291
"144","03/01/2021","Parma","Torino",0,1562.57665139958,1550.97528467663
"145","03/01/2021","Roma","Sampdoria",1,1763.49097904318,1588.43505420896
"146","03/01/2021","Spezia","Verona",0,1491.61977368218,1583.48222812325
"147","03/01/2021","Benevento","Milan",0,1579.15643764335,1806.83375811211
"148","03/01/2021","Juventus","Udinese",1,1813.28541714034,1582.10492626223
"149","06/01/2021","Cagliari","Benevento",0,1569.31184898895,1574.90876201207
"150","06/01/2021","Atalanta","Parma",1,1806.02313300691,1552.24286127162
"151","06/01/2021","Bologna","Udinese",0.5,1580.67758058217,1577.92432501288
"152","06/01/2021","Crotone","Roma",0,1479.88020011027,1768.83957176394
"153","06/01/2021","Lazio","Fiorentina",1,1704.51987645469,1618.2330664342
"154","06/01/2021","Sampdoria","Inter",1,1583.0864614882,1861.24016807907
"155","06/01/2021","Sassuolo","Genoa",1,1664.80762926598,1529.77419822575
"156","06/01/2021","Torino","Verona",0.5,1561.30907480459,1590.89815132791
"157","06/01/2021","Napoli","Spezia",0,1764.57178856019,1484.20385047753
"158","06/01/2021","Milan","Juventus",0,1811.08143374339,1817.46601838969
"159","09/01/2021","Benevento","Atalanta",0,1584.74768383928,1809.78979853592
"160","09/01/2021","Genoa","Bologna",1,1523.47622078554,1580.59833717555
"161","09/01/2021","Milan","Torino",1,1801.26517617916,1562.15866387171
"162","10/01/2021","Roma","Inter",0.5,1772.0257373159,1844.59649920454
"163","10/01/2021","Parma","Lazio",0,1548.47619574261,1712.0861743167
"164","10/01/2021","Udinese","Napoli",0,1578.0035684195,1747.89266923246
"165","10/01/2021","Verona","Crotone",1,1590.04856226078,1476.69403455832
"166","10/01/2021","Fiorentina","Cagliari",1,1610.6667685722,1559.47292716174
"167","10/01/2021","Juventus","Sassuolo",1,1827.28227595392,1671.10560670619
"168","11/01/2021","Spezia","Sampdoria",1,1500.88296980526,1599.73013036273
"169","15/01/2021","Lazio","Roma",1,1717.69685268632,1774.08463594872
"170","16/01/2021","Bologna","Verona",1,1568.96888594175,1596.8969949625
"171","16/01/2021","Torino","Spezia",0.5,1558.12693278752,1513.65366391558
"172","16/01/2021","Sampdoria","Udinese",1,1586.95943625241,1572.53763448709
"173","17/01/2021","Napoli","Fiorentina",1,1753.35860316487,1619.20386329504
"174","17/01/2021","Crotone","Benevento",1,1469.8456018566,1580.44903677694
"175","17/01/2021","Sassuolo","Parma",0.5,1665.32058940317,1542.86551737299
"176","17/01/2021","Atalanta","Genoa",0.5,1814.08844559825,1535.10567201934
"177","17/01/2021","Inter","Juventus",1,1842.53760057171,1833.06729325695
"178","18/01/2021","Cagliari","Milan",0,1550.9358324389,1805.29690726335
"179","20/01/2021","Udinese","Atalanta",0.5,1562.95248906879,1807.43146787746
"180","22/01/2021","Benevento","Torino",0.5,1567.36896448027,1556.85383491497
"181","23/01/2021","Roma","Spezia",1,1762.47576639979,1514.92676178814
"182","23/01/2021","Milan","Atalanta",0,1809.05336182935,1801.36456536779
"183","23/01/2021","Udinese","Inter",0.5,1569.01939157846,1852.26509070293
"184","23/01/2021","Fiorentina","Crotone",1,1612.88404077564,1482.92567415328
"185","24/01/2021","Juventus","Bologna",1,1823.33980312574,1579.77099466637
"186","24/01/2021","Genoa","Cagliari",1,1541.76264974012,1547.1793778729
"187","24/01/2021","Verona","Napoli",1,1586.09488623787,1759.67842568428
"188","24/01/2021","Lazio","Sassuolo",1,1729.30572223525,1661.93508835867
"189","24/01/2021","Parma","Sampdoria",0,1546.25101841749,1596.54458167071
"190","29/01/2021","Torino","Fiorentina",0.5,1557.15639230025,1619.3087474639
"191","30/01/2021","Bologna","Milan",0,1575.82131639256,1798.83209659775
"192","30/01/2021","Sampdoria","Juventus",0,1605.10704349848,1827.28948139955
"193","30/01/2021","Inter","Benevento",1,1845.5403465779,1567.06640709498
"194","31/01/2021","Spezia","Udinese",0,1511.04920372287,1575.74413570349
"195","31/01/2021","Atalanta","Lazio",0,1811.58583059938,1737.39058291122
"196","31/01/2021","Cagliari","Sassuolo",0.5,1537.02348453538,1653.8502276827
"197","31/01/2021","Crotone","Genoa",0,1476.50096746501,1551.91854307764
"198","31/01/2021","Napoli","Parma",1,1745.06029358349,1537.68855658972
"199","31/01/2021","Roma","Verona",1,1766.35332446505,1600.71301833866
"200","05/02/2021","Fiorentina","Inter",0,1617.53869995232,1848.89153206188
"201","06/02/2021","Atalanta","Torino",0.5,1799.4822009299,1558.92643981184
"202","06/02/2021","Sassuolo","Spezia",0,1650.60893384009,1502.89004669146
"203","06/02/2021","Juventus","Roma",1,1831.64394263112,1771.91694520704
"204","06/02/2021","Genoa","Napoli",1,1559.78131385643,1749.71215172236
"205","07/02/2021","Benevento","Sampdoria",0.5,1563.71522161101,1600.75258226691
"206","07/02/2021","Milan","Crotone",1,1803.17033690824,1468.63819668622
"207","07/02/2021","Udinese","Verona",1,1583.9032927349,1595.14939759667
"208","07/02/2021","Parma","Bologna",0,1533.03669845084,1571.48307608207
"209","07/02/2021","Lazio","Cagliari",1,1749.4942125807,1540.26477837799
"210","12/02/2021","Bologna","Benevento",0.5,1580.38099507722,1564.77722272462
"211","13/02/2021","Torino","Genoa",0.5,1564.92149644402,1574.761478337
"212","13/02/2021","Napoli","Juventus",1,1734.7319872418,1839.94159796861
"213","13/02/2021","Spezia","Milan",1,1516.90280863647,1805.71483428813
"214","14/02/2021","Roma","Udinese",1,1763.61928986955,1594.22686865204
"215","14/02/2021","Cagliari","Atalanta",0,1535.65098636146,1793.48714429773
"216","14/02/2021","Sampdoria","Fiorentina",1,1599.69058115329,1613.36137828297
"217","14/02/2021","Crotone","Sassuolo",0,1466.09369930633,1636.59617189508
"218","14/02/2021","Inter","Lazio",1,1853.06885373123,1754.10800459723
"219","15/02/2021","Verona","Parma",1,1584.82582167953,1524.1387794557
"220","19/02/2021","Fiorentina","Spezia",1,1602.96810405236,1533.71437047587
"221","19/02/2021","Cagliari","Torino",0,1531.9551819346,1565.20463818868
"222","20/02/2021","Lazio","Sampdoria",1,1746.8817194538,1610.0838553839
"223","20/02/2021","Genoa","Verona",0.5,1574.47833659234,1593.09665816834
"224","20/02/2021","Sassuolo","Bologna",0.5,1642.04809211987,1579.93218412032
"225","21/02/2021","Parma","Udinese",0.5,1515.86794296689,1588.74957062553
"226","21/02/2021","Milan","Inter",0,1788.90327244873,1860.29513887465
"227","21/02/2021","Atalanta","Napoli",1,1797.18294872459,1747.67087706512
"228","21/02/2021","Benevento","Roma",0.5,1565.22603368152,1769.09658789606
"229","22/02/2021","Juventus","Crotone",1,1827.00270814529,1460.64177908155
"230","27/02/2021","Spezia","Parma",0.5,1525.68166719183,1517.9354081679
"231","27/02/2021","Bologna","Lazio",1,1581.70121544628,1753.13595503834
"232","27/02/2021","Verona","Juventus",0.5,1592.56129216117,1829.16732093315
"233","28/02/2021","Sampdoria","Atalanta",0,1603.82961979937,1805.76744595221
"234","28/02/2021","Crotone","Cagliari",0,1458.47716629369,1522.90926735246
"235","28/02/2021","Inter","Genoa",1,1868.26875580075,1575.0137025995
"236","28/02/2021","Udinese","Fiorentina",1,1586.68210542452,1611.0008073364
"237","28/02/2021","Napoli","Benevento",1,1739.0863798375,1570.50183947349
"238","28/02/2021","Roma","Milan",0,1763.82078210408,1780.92965552264
"239","02/03/2021","Juventus","Spezia",1,1823.24558501469,1525.45874887052
"240","03/03/2021","Sassuolo","Napoli",0.5,1640.27906079391,1744.582193686
"241","03/03/2021","Atalanta","Crotone",1,1810.53190261904,1450.3106997151
"242","03/03/2021","Benevento","Verona",0,1565.006025625,1598.48302807963
"243","03/03/2021","Cagliari","Bologna",1,1531.07573393105,1596.27055165801
"244","03/03/2021","Fiorentina","Roma",0,1600.30199967546,1754.312817417
"245","03/03/2021","Genoa","Sampdoria",0.5,1571.89321619525,1599.06516313253
"246","03/03/2021","Milan","Udinese",0.5,1790.43762020972,1597.38091308545
"247","04/03/2021","Parma","Inter",0,1518.1583264892,1871.389242205
"248","06/03/2021","Spezia","Benevento",0.5,1522.4063508364,1555.96660032561
"249","06/03/2021","Udinese","Sassuolo",1,1602.42842938717,1643.19409530858
"250","06/03/2021","Juventus","Lazio",1,1826.29798304881,1738.56661882661
"251","07/03/2021","Roma","Genoa",1,1760.14923226397,1572.67369710963
"252","07/03/2021","Crotone","Torino",1,1448.07691226651,1574.25055277081
"253","07/03/2021","Fiorentina","Parma",0.5,1594.46558482849,1515.8434359363
"254","07/03/2021","Verona","Milan",0,1607.52245337902,1785.39010390801
"255","07/03/2021","Sampdoria","Cagliari",0.5,1598.28468221814,1542.93047351566
"256","07/03/2021","Napoli","Bologna",1,1741.66715917133,1584.4158120734
"257","08/03/2021","Inter","Atalanta",1,1873.7041327579,1812.76569006764
"258","12/03/2021","Lazio","Crotone",1,1731.03939620938,1461.55682934169
"259","12/03/2021","Atalanta","Spezia",1,1804.50187223302,1523.36929941622
"260","13/03/2021","Sassuolo","Verona",1,1632.0261200654,1602.23704018014
"261","13/03/2021","Benevento","Fiorentina",0,1555.00365174579,1592.24050929882
"262","13/03/2021","Genoa","Udinese",0.5,1567.60053292279,1613.59640463035
"263","14/03/2021","Bologna","Sampdoria",1,1578.65619793158,1596.70480509442
"264","14/03/2021","Parma","Roma",1,1518.06851146597,1765.22239645082
"265","14/03/2021","Torino","Inter",0,1560.77063569562,1881.96795059252
"266","14/03/2021","Cagliari","Juventus",0,1544.51035063939,1833.82520566604
"267","14/03/2021","Milan","Napoli",0,1790.67551710689,1747.42677331315
"268","17/03/2021","Torino","Sassuolo",1,1558.05073554877,1641.17081626984
"269","19/03/2021","Parma","Genoa",0,1534.18383887846,1568.91672022096
"270","20/03/2021","Crotone","Bologna",0,1458.05876048839,1589.1752118175
"271","20/03/2021","Spezia","Cagliari",1,1520.06059089949,1541.329662523
"272","21/03/2021","Verona","Atalanta",0,1593.0923439757,1807.81058074975
"273","21/03/2021","Juventus","Benevento",0,1837.00589378244,1546.07132973414
"274","21/03/2021","Sampdoria","Torino",1,1586.1857912085,1570.39850212666
"275","21/03/2021","Udinese","Lazio",0,1612.28021733218,1734.53746506269
"276","21/03/2021","Fiorentina","Milan",0,1601.17283131047,1779.4371080826
"277","21/03/2021","Roma","Napoli",0,1749.10706903832,1758.66518233744
"278","03/04/2021","Milan","Sampdoria",0.5,1784.7136476723,1595.73170898067
"279","03/04/2021","Atalanta","Udinese",1,1812.31317981555,1605.66067617049
"280","03/04/2021","Benevento","Parma",0.5,1562.91550214895,1525.18021456176
"281","03/04/2021","Cagliari","Verona",0,1530.71825300587,1588.58974490989
"282","03/04/2021","Genoa","Fiorentina",0.5,1577.92034453767,1595.89629172078
"283","03/04/2021","Lazio","Spezia",1,1741.15700622437,1530.67200041661
"284","03/04/2021","Napoli","Crotone",1,1768.3901471035,1451.66309066312
"285","03/04/2021","Sassuolo","Roma",0.5,1628.82304969195,1739.38210427226
"286","03/04/2021","Torino","Juventus",0.5,1560.85258435449,1820.16172136763
"287","03/04/2021","Bologna","Inter",0,1595.57088164277,1884.68785073937
"288","07/04/2021","Inter","Sassuolo",1,1887.87158702163,1631.90196575628
"289","07/04/2021","Juventus","Napoli",1,1813.83204758836,1771.17108809235
"290","10/04/2021","Spezia","Crotone",1,1526.08381255155,1448.88214967427
"291","10/04/2021","Parma","Milan",0,1526.26207280307,1779.7540488147
"292","10/04/2021","Udinese","Torino",0,1600.99402155711,1567.18225813376
"293","11/04/2021","Inter","Cagliari",1,1891.59987322445,1522.36869291707
"294","11/04/2021","Juventus","Genoa",1,1822.61030037015,1578.43727271216
"295","11/04/2021","Sampdoria","Napoli",0,1600.69130783826,1762.39283531055
"296","11/04/2021","Verona","Lazio",0,1596.93930499869,1745.74519408944
"297","11/04/2021","Roma","Bologna",1,1736.30318820793,1592.38714536051
"298","11/04/2021","Fiorentina","Atalanta",0,1595.37936354629,1816.97983442893
"299","12/04/2021","Benevento","Sassuolo",0,1561.83364390763,1628.17367955346
"300","17/04/2021","Crotone","Udinese",0,1441.06832935654,1590.02390145202
"301","17/04/2021","Sampdoria","Verona",1,1595.0361759217,1590.97828255468
"302","17/04/2021","Sassuolo","Fiorentina",1,1636.28713142211,1591.01347985847
"303","17/04/2021","Cagliari","Parma",1,1520.23576824598,1522.49033090387
"304","18/04/2021","Milan","Genoa",1,1783.52579071391,1574.49860751148
"305","18/04/2021","Atalanta","Juventus",1,1821.34571811675,1826.54896557083
"306","18/04/2021","Bologna","Spezia",1,1586.30767590845,1533.89763286929
"307","18/04/2021","Lazio","Benevento",1,1751.70621653345,1553.72019203898
"308","18/04/2021","Torino","Roma",1,1578.15237823885,1742.38265765999
"309","18/04/2021","Napoli","Inter",0.5,1768.04796722711,1893.73279789555
"310","20/04/2021","Verona","Fiorentina",0,1581.09507280389,1582.3092345353
"311","21/04/2021","Milan","Sassuolo",0,1788.14371646071,1644.99137674528
"312","21/04/2021","Bologna","Torino",0.5,1594.81053234873,1592.55610254236
"313","21/04/2021","Crotone","Sampdoria",0,1435.11091169315,1604.91938567249
"314","21/04/2021","Genoa","Benevento",0.5,1569.88068176468,1548.87268008413
"315","21/04/2021","Juventus","Parma",1,1816.39921526596,1512.4254402851
"316","21/04/2021","Spezia","Inter",0.5,1525.394776429,1890.26525220673
"317","21/04/2021","Udinese","Cagliari",0,1595.98131911541,1530.30065886475
"318","22/04/2021","Roma","Atalanta",0.5,1727.97893335649,1831.49546842162
"319","22/04/2021","Napoli","Lazio",1,1771.51551291593,1756.5537284883
"320","24/04/2021","Genoa","Spezia",1,1569.27675869739,1533.21354611375
"321","24/04/2021","Parma","Crotone",0,1509.46402635465,1429.64313400873
"322","24/04/2021","Sassuolo","Sampdoria",1,1658.89328875982,1610.3871633569
"323","25/04/2021","Benevento","Udinese",0,1549.47660315143,1584.11308041538
"324","25/04/2021","Fiorentina","Juventus",0.5,1592.27428829377,1819.36062919641
"325","25/04/2021","Inter","Verona",1,1882.44648252198,1571.13001904542
"326","25/04/2021","Cagliari","Roma",1,1542.16889756477,1730.87323794638
"327","25/04/2021","Atalanta","Bologna",1,1828.60116383172,1594.74564555358
"328","26/04/2021","Torino","Napoli",0,1592.62098933751,1781.08514414503
"329","26/04/2021","Lazio","Milan",1,1746.9840972592,1774.24180444617
"330","01/05/2021","Verona","Spezia",0.5,1568.27366503821,1524.24781703576
"331","01/05/2021","Crotone","Inter",0,1441.9009786505,1885.30283652919
"332","01/05/2021","Milan","Benevento",1,1763.45887023683,1540.47023157297
"333","02/05/2021","Lazio","Genoa",1,1757.76703146854,1578.24248777537
"334","02/05/2021","Bologna","Fiorentina",0.5,1590.61573550482,1598.0152201665
"335","02/05/2021","Napoli","Cagliari",0.5,1786.13679082129,1557.12246944434
"336","02/05/2021","Sassuolo","Atalanta",0.5,1667.50617087651,1832.73107388048
"337","02/05/2021","Udinese","Juventus",0,1593.11945199384,1813.61969732368
"338","02/05/2021","Sampdoria","Roma",1,1601.77428124021,1715.91966606681
"339","03/05/2021","Torino","Parma",1,1587.56934266125,1497.20618171289
"340","08/05/2021","Spezia","Napoli",0,1525.50824375082,1780.35877486387
"341","08/05/2021","Udinese","Bologna",0.5,1588.73191486025,1590.82867759881
"342","08/05/2021","Inter","Sampdoria",1,1886.74810963638,1614.94633562702
"343","08/05/2021","Fiorentina","Lazio",1,1597.80227807251,1763.01543897035
"344","09/05/2021","Genoa","Sassuolo",0,1572.99408027356,1671.93294194693
"345","09/05/2021","Benevento","Cagliari",0,1536.13155824704,1562.90048540176
"346","09/05/2021","Parma","Atalanta",0,1489.74994219608,1828.30430281006
"347","09/05/2021","Verona","Torino",0.5,1567.01323832315,1595.02558217807
"348","09/05/2021","Roma","Crotone",1,1702.74761168,1440.45570554331
"349","09/05/2021","Juventus","Milan",0,1818.00723445727,1767.79754356276
"350","11/05/2021","Napoli","Udinese",1,1784.10664094667,1588.79226381042
"351","12/05/2021","Cagliari","Fiorentina",0.5,1572.13153470739,1612.22877740252
"352","12/05/2021","Atalanta","Benevento",1,1830.79782318435,1526.90050894141
"353","12/05/2021","Bologna","Genoa",0,1590.76832864864,1565.76721095817
"354","12/05/2021","Inter","Roma",1,1890.20781296817,1706.36676225887
"355","12/05/2021","Lazio","Parma",1,1748.58893964034,1487.25642182179
"356","12/05/2021","Sampdoria","Spezia",0.5,1611.48663229523,1521.76037766802
"357","12/05/2021","Sassuolo","Juventus",0,1679.15981126233,1806.57206052104
"358","12/05/2021","Torino","Milan",0,1594.22106462545,1779.23271749899
"359","13/05/2021","Crotone","Verona",1,1436.83655496444,1567.81775587576
"360","15/05/2021","Genoa","Atalanta",0,1576.48556150079,1833.7603477313
"361","15/05/2021","Spezia","Torino",1,1524.2869847225,1589.09401082448
"362","15/05/2021","Juventus","Inter",1,1813.06084953067,1895.3606010408
"363","15/05/2021","Roma","Lazio",1,1701.21397418623,1752.22448962008
"364","16/05/2021","Fiorentina","Napoli",0,1611.07978271914,1789.01085814265
"365","16/05/2021","Benevento","Crotone",0.5,1523.93798439445,1450.43749756795
"366","16/05/2021","Udinese","Sampdoria",0,1583.88804661444,1608.96002524075
"367","16/05/2021","Parma","Sassuolo",0,1483.62087184205,1672.67102225269
"368","16/05/2021","Milan","Cagliari",0.5,1784.35977129997,1573.28052939078
"369","17/05/2021","Verona","Bologna",0.5,1554.21681327225,1580.04997810602
"370","18/05/2021","Lazio","Torino",0.5,1740.76674836389,1577.25005104362
"371","22/05/2021","Cagliari","Genoa",0,1578.70442459898,1572.7800110651
"372","22/05/2021","Crotone","Fiorentina",0.5,1452.52200730596,1605.79578915
"373","22/05/2021","Sampdoria","Parma",1,1618.23964571079,1478.58195092368
"374","23/05/2021","Inter","Udinese",1,1883.03515632911,1574.60842614439
"375","23/05/2021","Atalanta","Milan",0,1837.465898167,1778.93587609176
"376","23/05/2021","Bologna","Juventus",0,1579.30780704449,1825.38629424237
"377","23/05/2021","Napoli","Verona",0.5,1794.29485171179,1554.95898433378
"378","23/05/2021","Sassuolo","Lazio",1,1677.70994317106,1736.3795945721
"379","23/05/2021","Spezia","Roma",0.5,1536.13094450335,1712.67171544242
"380","23/05/2021","Torino","Benevento",0.5,1581.63720483541,1521.85347465644
